ファミリーマート札幌店,北海道札幌市北区
ファミリーマート東京店,東京都中央区
セブンイレブン名古屋店,愛知県名古屋市千種区
ローソン大阪店,大阪府大阪市
ローソン福岡店,福岡県福岡市南区
札幌工場,北海道札幌市南区
東京工場,東京都墨田区
名古屋工場,愛知県名古屋市緑区
大阪工場,大阪府堺市
福岡工場,福岡県福岡市西区
札幌倉庫,北海道札幌市中央区
東京倉庫,東京都荒川区
名古屋倉庫,愛知県名古屋市港区
大阪倉庫,大阪府和泉市
福岡倉庫,福岡県福岡市博多区
札幌運送拠点,北海道札幌市東区
東京運送拠点,東京都板橋区
名古屋運送拠点,愛知県名古屋市港区
大阪運送拠点,大阪府吹田市
福岡運送拠点,福岡県福岡市城南区
