ファミリーマート札幌店,北海道札幌市北区,141.3585619,43.1448729
ファミリーマート東京店,東京都中央区,139.7719892,35.6706392
セブンイレブン仙台店,宮城県仙台市宮城野区,140.9508565,38.2789376
セブンイレブン大阪店,大阪府大阪市梅田,135.4957339,34.7005588
ローソン名古屋店,愛知県名古屋市千種区,136.9659376,35.1684667
ローソン福岡店,福岡県福岡市南区,130.4210684,33.5421157
札幌工場,北海道札幌市南区,141.2199991,42.9539188
東京工場,東京都墨田区,139.8016393,35.7107479
名古屋工場,愛知県名古屋市緑区,136.9707947,35.0851921
大阪工場,大阪府堺市,135.4831176,34.5733261
福岡工場,福岡県福岡市西区,130.2373477,33.5952139
札幌倉庫,北海道札幌市中央区,141.3221139,43.04684839999999
東京倉庫,東京都荒川区,139.7834758,35.7359339
名古屋倉庫,愛知県名古屋市港区,136.8543525,35.0878966
大阪倉庫,大阪府和泉市,135.4237749,34.4832989
福岡倉庫,福岡県福岡市博多区,130.4414465,33.5903415
札幌運送拠点,北海道札幌市東区,141.3993795,43.11938079999999
東京運送拠点,東京都板橋区,139.7092786,35.7512311
名古屋運送拠点,愛知県名古屋市港区,136.8543525,35.0878966
大阪運送拠点,大阪府吹田市,135.5164769,34.7593593
福岡運送拠点,福岡県福岡市城南区,130.3649922,33.5500267